aaaa,1111,홍길동,Dalgarno,35350 Loftsgordon Road,27000000
bbbb,2222,유관순,Trase,06 Anthes Lane,40000000
cccc,3333,이순신,Krammer,15 Glendale Pass,80000000
tbrauns3,2479,Timmie,Brauns,8889 Reinke Way,82000000
mthomassin4,1464,Micaela,Thomassin,6882 Drewry Junction,44000000
smellody5,5887,Sloan,Mellody,9 Lakewood Road,14000000
mcastaner6,7312,Moritz,Castaner,8 Leroy Point,64000000
mgiacobelli7,2177,Mannie,Giacobelli,5 Prairieview Center,30000000
jmcgeagh8,7792,Jard,McGeagh,759 Vernon Place,19000000
cdyka9,4543,Conn,Dyka,41 Caliangt Road,74000000
idrakeleya,8186,Isaiah,Drakeley,73 Macpherson Center,87000000
scapozzib,3780,Sheffy,Capozzi,5 Dayton Hill,94000000
htschiersec,3961,Hansiain,Tschierse,786 Farragut Junction,51000000
gloakesd,6370,George,Loakes,1910 Luster Hill,86000000
mhethrone,5452,Magdalen,Hethron,0488 Golf View Avenue,53000000
wdilleyf,1141,Willie,Dilley,78608 Wayridge Center,63000000
ejeffreyg,2504,Erastus,Jeffrey,45 Memorial Crossing,66000000
fdawidowskyh,6678,Fowler,Dawidowsky,67 Crescent Oaks Terrace,6000000
rmacdermandi,9018,Reidar,MacDermand,4 Bayside Parkway,27000000
adibartolomeoj,5024,Annamarie,Di Bartolomeo,2 Lighthouse Bay Point,25000000
